audit_id,claim,cited_records,human_verdict,human_notes
A001,"sertraline + ibuprofen — curated severity: Moderate (DDInter); additive GI bleeding; source mechanism: ""SSRI + NSAID combination increases gastrointestinal bleeding""","[{""citation"": ""[DDInter:DDI-00000021]"", ""drugs"": [""ibuprofen"", ""sertraline""], ""event"": ""additive GI bleeding"", ""kind"": ""interaction"", ""mechanism"": ""SSRI + NSAID combination increases gastrointestinal bleeding"", ""severity"": ""Moderate"", ""source"": ""DDInter""}]",,
A002,"clopidogrel + omeprazole — reduced antiplatelet effect: PRR 7.20, co-reports n/a","[{""citation"": ""[TWOSIDES:TS-00000017]"", ""drugs"": [""clopidogrel"", ""omeprazole""], ""event"": ""reduced antiplatelet effect"", ""kind"": ""signal"", ""prr"": 7.2, ""source"": ""TWOSIDES""}]",,
A003,"warfarin + aspirin — curated severity: Major (DDInter); additive bleeding via dual antihemostatic action; source mechanism: ""Both drugs impair hemostasis; concurrent use markedly increases bleeding risk""","[{""citation"": ""[DDInter:DDI-00000001]"", ""drugs"": [""aspirin"", ""warfarin""], ""event"": ""additive bleeding via dual antihemostatic action"", ""kind"": ""interaction"", ""mechanism"": ""Both drugs impair hemostasis; concurrent use markedly increases bleeding risk"", ""severity"": ""Major"", ""source"": ""DDInter""}]",,
A004,lisinopril + spironolactone: renal failure (PRR=7.8),"[{""citation"": ""[TWOSIDES:TS-00000008]"", ""drugs"": [""lisinopril"", ""spironolactone""], ""event"": ""renal failure"", ""kind"": ""signal"", ""prr"": 7.8, ""source"": ""TWOSIDES""}]",,
A005,"amlodipine + simvastatin — curated severity: Minor (DDInter); mild CYP3A4 interaction; source mechanism: ""Amlodipine modestly increases simvastatin exposure""","[{""citation"": ""[DDInter:DDI-00000033]"", ""drugs"": [""amlodipine"", ""simvastatin""], ""event"": ""mild CYP3A4 interaction"", ""kind"": ""interaction"", ""mechanism"": ""Amlodipine modestly increases simvastatin exposure"", ""severity"": ""Minor"", ""source"": ""DDInter""}]",,
A006,"metoprolol + verapamil — curated severity: Major (DDInter); additive negative chronotropy; source mechanism: ""Beta-blocker + non-DHP CCB risk bradycardia and AV block""","[{""citation"": ""[DDInter:DDI-00000017]"", ""drugs"": [""metoprolol"", ""verapamil""], ""event"": ""additive negative chronotropy"", ""kind"": ""interaction"", ""mechanism"": ""Beta-blocker + non-DHP CCB risk bradycardia and AV block"", ""severity"": ""Major"", ""source"": ""DDInter""}]",,
A007,"lithium + hydrochlorothiazide — curated severity: Major (DDInter); lithium clearance reduction; source mechanism: ""Thiazide-induced sodium depletion reduces lithium renal clearance""","[{""citation"": ""[DDInter:DDI-00000016]"", ""drugs"": [""hydrochlorothiazide"", ""lithium""], ""event"": ""lithium clearance reduction"", ""kind"": ""interaction"", ""mechanism"": ""Thiazide-induced sodium depletion reduces lithium renal clearance"", ""severity"": ""Major"", ""source"": ""DDInter""}]",,
A008,"methotrexate + omeprazole — curated severity: Moderate (DDInter); reduced MTX clearance; source mechanism: ""PPI co-administration delays methotrexate elimination""","[{""citation"": ""[DDInter:DDI-00000027]"", ""drugs"": [""methotrexate"", ""omeprazole""], ""event"": ""reduced MTX clearance"", ""kind"": ""interaction"", ""mechanism"": ""PPI co-administration delays methotrexate elimination"", ""severity"": ""Moderate"", ""source"": ""DDInter""}]",,
A009,Lisinopril + spironolactone: renal failure (PRR=7.8) .,"[{""citation"": ""[TWOSIDES:TS-00000008]"", ""drugs"": [""lisinopril"", ""spironolactone""], ""event"": ""renal failure"", ""kind"": ""signal"", ""prr"": 7.8, ""source"": ""TWOSIDES""}]",,
A010,Amlodipine + simvastatin: increased simvastatin levels (PRR=3.20) .,"[{""citation"": ""[TWOSIDES:TS-00000042]"", ""drugs"": [""amlodipine"", ""simvastatin""], ""event"": ""increased simvastatin levels"", ""kind"": ""signal"", ""prr"": 3.2, ""source"": ""TWOSIDES""}]",,
A011,phenelzine + sertraline: Serotonin syndrome can occur due to MAOI + SSRI co-administration .,"[{""citation"": ""[DDInter:DDI-00000006]"", ""drugs"": [""phenelzine"", ""sertraline""], ""event"": ""serotonin syndrome"", ""kind"": ""interaction"", ""mechanism"": ""MAOI + SSRI co-administration is contraindicated"", ""severity"": ""Major"", ""source"": ""DDInter""}]",,
A012,"sertraline + warfarin — international normalised ratio increased: PRR 5.10, co-reports n/a","[{""citation"": ""[TWOSIDES:TS-00000040]"", ""drugs"": [""sertraline"", ""warfarin""], ""event"": ""international normalised ratio increased"", ""kind"": ""signal"", ""prr"": 5.1, ""source"": ""TWOSIDES""}]",,
A013,Aspirin + sertraline: gastrointestinal bleeding (PRR 6.2),"[{""citation"": ""[TWOSIDES:TS-00000004]"", ""drugs"": [""aspirin"", ""sertraline""], ""event"": ""gastrointestinal bleeding"", ""kind"": ""signal"", ""prr"": 6.2, ""source"": ""TWOSIDES""}]",,
A014,methotrexate + omeprazole: delayed methotrexate elimination (PRR=5.3),"[{""citation"": ""[TWOSIDES:TS-00000029]"", ""drugs"": [""methotrexate"", ""omeprazole""], ""event"": ""delayed methotrexate elimination"", ""kind"": ""signal"", ""prr"": 5.3, ""source"": ""TWOSIDES""}]",,
A015,"tramadol + sertraline — curated severity: Major (DDInter); serotonergic overlap; source mechanism: ""Additive serotonergic effects can precipitate serotonin syndrome""","[{""citation"": ""[DDInter:DDI-00000007]"", ""drugs"": [""sertraline"", ""tramadol""], ""event"": ""serotonergic overlap"", ""kind"": ""interaction"", ""mechanism"": ""Additive serotonergic effects can precipitate serotonin syndrome"", ""severity"": ""Major"", ""source"": ""DDInter""}]",,
A016,Ibuprofen + lisinopril: NSAID-induced renal dysfunction .,"[{""citation"": ""[DDInter:DDI-00000031]"", ""drugs"": [""ibuprofen"", ""lisinopril""], ""event"": ""NSAID-induced renal dysfunction"", ""kind"": ""interaction"", ""mechanism"": ""NSAID blunts renal prostaglandin-mediated protection during ACE-I use"", ""severity"": ""Moderate"", ""source"": ""DDInter""}]",,
A017,"aspirin + sertraline — gastrointestinal bleeding: PRR 6.20, co-reports n/a","[{""citation"": ""[TWOSIDES:TS-00000004]"", ""drugs"": [""aspirin"", ""sertraline""], ""event"": ""gastrointestinal bleeding"", ""kind"": ""signal"", ""prr"": 6.2, ""source"": ""TWOSIDES""}]",,
A018,Rifampin induces CYP3A4 lowering contraceptive exposure when used with ethinyl estradiol .,"[{""citation"": ""[DDInter:DDI-00000014]"", ""drugs"": [""ethinyl estradiol"", ""rifampin""], ""event"": ""CYP induction"", ""kind"": ""interaction"", ""mechanism"": ""Rifampin induces CYP3A4 lowering contraceptive exposure"", ""severity"": ""Major"", ""source"": ""DDInter""}]",,
A019,"lisinopril + spironolactone — hyperkalemia: PRR 14.20, co-reports n/a","[{""citation"": ""[TWOSIDES:TS-00000006]"", ""drugs"": [""lisinopril"", ""spironolactone""], ""event"": ""hyperkalemia"", ""kind"": ""signal"", ""prr"": 14.2, ""source"": ""TWOSIDES""}]",,
A020,"rifampin + ethinyl estradiol — curated severity: Major (DDInter); CYP induction; source mechanism: ""Rifampin induces CYP3A4 lowering contraceptive exposure""","[{""citation"": ""[DDInter:DDI-00000014]"", ""drugs"": [""ethinyl estradiol"", ""rifampin""], ""event"": ""CYP induction"", ""kind"": ""interaction"", ""mechanism"": ""Rifampin induces CYP3A4 lowering contraceptive exposure"", ""severity"": ""Major"", ""source"": ""DDInter""}]",,
A021,"metformin + furosemide — reduced renal clearance: PRR 2.80, co-reports n/a","[{""citation"": ""[TWOSIDES:TS-00000044]"", ""drugs"": [""furosemide"", ""metformin""], ""event"": ""reduced renal clearance"", ""kind"": ""signal"", ""prr"": 2.8, ""source"": ""TWOSIDES""}]",,
A022,"Sertraline + warfarin: international normalised ratio increased (PRR 5.1) , bleeding risk (PRR 4.2)","[{""citation"": ""[TWOSIDES:TS-00000040]"", ""drugs"": [""sertraline"", ""warfarin""], ""event"": ""international normalised ratio increased"", ""kind"": ""signal"", ""prr"": 5.1, ""source"": ""TWOSIDES""}, {""citation"": ""[TWOSIDES:TS-00000013]"", ""drugs"": [""sertraline"", ""warfarin""], ""event"": ""bleeding risk"", ""kind"": ""signal"", ""prr"": 4.2, ""source"": ""TWOSIDES""}]",,
A023,Lisinopril + spironolactone: hyperkalemia (PRR=14.2) .,"[{""citation"": ""[TWOSIDES:TS-00000006]"", ""drugs"": [""lisinopril"", ""spironolactone""], ""event"": ""hyperkalemia"", ""kind"": ""signal"", ""prr"": 14.2, ""source"": ""TWOSIDES""}]",,
A024,Sertraline + warfarin: bleeding risk (PRR=4.20) .,"[{""citation"": ""[TWOSIDES:TS-00000013]"", ""drugs"": [""sertraline"", ""warfarin""], ""event"": ""bleeding risk"", ""kind"": ""signal"", ""prr"": 4.2, ""source"": ""TWOSIDES""}]",,
A025,"warfarin + ibuprofen — curated severity: Major (DDInter); NSAID potentiation of anticoagulation; source mechanism: ""NSAID inhibits platelet function and can displace warfarin from protein binding""","[{""citation"": ""[DDInter:DDI-00000002]"", ""drugs"": [""ibuprofen"", ""warfarin""], ""event"": ""NSAID potentiation of anticoagulation"", ""kind"": ""interaction"", ""mechanism"": ""NSAID inhibits platelet function and can displace warfarin from protein binding"", ""severity"": ""Major"", ""source"": ""DDInter""}]",,
A026,"warfarin + sertraline — bleeding risk: PRR 4.20, co-reports n/a","[{""citation"": ""[TWOSIDES:TS-00000013]"", ""drugs"": [""sertraline"", ""warfarin""], ""event"": ""bleeding risk"", ""kind"": ""signal"", ""prr"": 4.2, ""source"": ""TWOSIDES""}]",,
A027,Ciprofloxacin and theophylline have a major interaction involving CYP1A2 inhibition and theophylline metabolism .,"[{""citation"": ""[DDInter:DDI-00000015]"", ""drugs"": [""ciprofloxacin"", ""theophylline""], ""event"": ""CYP1A2 inhibition"", ""kind"": ""interaction"", ""mechanism"": ""Ciprofloxacin inhibits theophylline metabolism; toxicity risk"", ""severity"": ""Major"", ""source"": ""DDInter""}]",,
A028,"theophylline + ciprofloxacin — curated severity: Major (DDInter); CYP1A2 inhibition; source mechanism: ""Ciprofloxacin inhibits theophylline metabolism; toxicity risk""","[{""citation"": ""[DDInter:DDI-00000015]"", ""drugs"": [""ciprofloxacin"", ""theophylline""], ""event"": ""CYP1A2 inhibition"", ""kind"": ""interaction"", ""mechanism"": ""Ciprofloxacin inhibits theophylline metabolism; toxicity risk"", ""severity"": ""Major"", ""source"": ""DDInter""}]",,
A029,"warfarin + ibuprofen — curated severity: Major (DDInter); NSAID potentiation of anticoagulation; source mechanism: ""NSAID inhibits platelet function and can displace warfarin from protein binding""","[{""citation"": ""[DDInter:DDI-00000002]"", ""drugs"": [""ibuprofen"", ""warfarin""], ""event"": ""NSAID potentiation of anticoagulation"", ""kind"": ""interaction"", ""mechanism"": ""NSAID inhibits platelet function and can displace warfarin from protein binding"", ""severity"": ""Major"", ""source"": ""DDInter""}]",,
A030,"aspirin + sertraline — curated severity: Moderate (DDInter); additive GI bleeding; source mechanism: ""SSRI-induced platelet dysfunction plus aspirin raises bleeding risk""","[{""citation"": ""[DDInter:DDI-00000020]"", ""drugs"": [""aspirin"", ""sertraline""], ""event"": ""additive GI bleeding"", ""kind"": ""interaction"", ""mechanism"": ""SSRI-induced platelet dysfunction plus aspirin raises bleeding risk"", ""severity"": ""Moderate"", ""source"": ""DDInter""}]",,
A031,"azithromycin + sotalol — curated severity: Major (DDInter); additive QT prolongation; source mechanism: ""Both drugs prolong the QT interval; risk of torsades""","[{""citation"": ""[DDInter:DDI-00000013]"", ""drugs"": [""azithromycin"", ""sotalol""], ""event"": ""additive QT prolongation"", ""kind"": ""interaction"", ""mechanism"": ""Both drugs prolong the QT interval; risk of torsades"", ""severity"": ""Major"", ""source"": ""DDInter""}]",,
A032,"metformin + lisinopril — hypoglycemia risk: PRR 2.40, co-reports n/a","[{""citation"": ""[TWOSIDES:TS-00000046]"", ""drugs"": [""lisinopril"", ""metformin""], ""event"": ""hypoglycemia risk"", ""kind"": ""signal"", ""prr"": 2.4, ""source"": ""TWOSIDES""}]",,
A033,"simvastatin + ritonavir — curated severity: Major (DDInter); protease inhibitor × statin; source mechanism: ""Ritonavir CYP3A4 inhibition causes marked simvastatin accumulation""","[{""citation"": ""[DDInter:DDI-00000005]"", ""drugs"": [""ritonavir"", ""simvastatin""], ""event"": ""protease inhibitor \u00d7 statin"", ""kind"": ""interaction"", ""mechanism"": ""Ritonavir CYP3A4 inhibition causes marked simvastatin accumulation"", ""severity"": ""Major"", ""source"": ""DDInter""}]",,
A034,phenelzine + sertraline: serotonin syndrome (PRR=45.8),"[{""citation"": ""[TWOSIDES:TS-00000018]"", ""drugs"": [""phenelzine"", ""sertraline""], ""event"": ""serotonin syndrome"", ""kind"": ""signal"", ""prr"": 45.8, ""source"": ""TWOSIDES""}]",,
A035,"clopidogrel + omeprazole: CYP2C19 inhibition mechanism=""PPI inhibition of CYP2C19 reduces clopidogrel activation""","[{""citation"": ""[DDInter:DDI-00000018]"", ""drugs"": [""clopidogrel"", ""omeprazole""], ""event"": ""CYP2C19 inhibition"", ""kind"": ""interaction"", ""mechanism"": ""PPI inhibition of CYP2C19 reduces clopidogrel activation"", ""severity"": ""Moderate"", ""source"": ""DDInter""}]",,
A036,Aspirin + omeprazole: reduced antiplatelet response .,"[{""citation"": ""[DDInter:DDI-00000019]"", ""drugs"": [""aspirin"", ""omeprazole""], ""event"": ""reduced antiplatelet response"", ""kind"": ""interaction"", ""mechanism"": ""Observed signal of reduced aspirin efficacy with PPI co-use"", ""severity"": ""Moderate"", ""source"": ""DDInter""}]",,
A037,lisinopril + spironolactone: additive potassium retention via ACE inhibition + K-sparing diuretic → hyperkalemia risk .,"[{""citation"": ""[DDInter:DDI-00000003]"", ""drugs"": [""lisinopril"", ""spironolactone""], ""event"": ""additive potassium retention"", ""kind"": ""interaction"", ""mechanism"": ""ACE inhibition + K-sparing diuretic \u2192 hyperkalemia risk"", ""severity"": ""Major"", ""source"": ""DDInter""}]",,
A038,"omeprazole + clopidogrel — reduced antiplatelet response: PRR 6.90, co-reports n/a","[{""citation"": ""[TWOSIDES:TS-00000041]"", ""drugs"": [""clopidogrel"", ""omeprazole""], ""event"": ""reduced antiplatelet response"", ""kind"": ""signal"", ""prr"": 6.9, ""source"": ""TWOSIDES""}]",,
A039,Lisinopril + metformin: hypoglycemia risk (PRR=2.4) .,"[{""citation"": ""[TWOSIDES:TS-00000046]"", ""drugs"": [""lisinopril"", ""metformin""], ""event"": ""hypoglycemia risk"", ""kind"": ""signal"", ""prr"": 2.4, ""source"": ""TWOSIDES""}]",,
A040,Ibuprofen + lisinopril: acute kidney injury (PRR=5.90) .,"[{""citation"": ""[TWOSIDES:TS-00000007]"", ""drugs"": [""ibuprofen"", ""lisinopril""], ""event"": ""acute kidney injury"", ""kind"": ""signal"", ""prr"": 5.9, ""source"": ""TWOSIDES""}]",,
A041,"lisinopril + spironolactone — curated severity: Major (DDInter); additive potassium retention; source mechanism: ""ACE inhibition + K-sparing diuretic → hyperkalemia risk""","[{""citation"": ""[DDInter:DDI-00000003]"", ""drugs"": [""lisinopril"", ""spironolactone""], ""event"": ""additive potassium retention"", ""kind"": ""interaction"", ""mechanism"": ""ACE inhibition + K-sparing diuretic \u2192 hyperkalemia risk"", ""severity"": ""Major"", ""source"": ""DDInter""}]",,
A042,"tramadol + sertraline — serotonin syndrome: PRR 11.90, co-reports n/a","[{""citation"": ""[TWOSIDES:TS-00000026]"", ""drugs"": [""sertraline"", ""tramadol""], ""event"": ""serotonin syndrome"", ""kind"": ""signal"", ""prr"": 11.9, ""source"": ""TWOSIDES""}]",,
A043,"sertraline + phenelzine — serotonin syndrome: PRR 45.80, co-reports n/a","[{""citation"": ""[TWOSIDES:TS-00000018]"", ""drugs"": [""phenelzine"", ""sertraline""], ""event"": ""serotonin syndrome"", ""kind"": ""signal"", ""prr"": 45.8, ""source"": ""TWOSIDES""}]",,
A044,Trimethoprim inhibits warfarin metabolism; INR may rise due to CYP2C9 inhibition,"[{""citation"": ""[DDInter:DDI-00000023]"", ""drugs"": [""trimethoprim"", ""warfarin""], ""event"": ""CYP2C9 inhibition"", ""kind"": ""interaction"", ""mechanism"": ""Trimethoprim inhibits warfarin metabolism; INR may rise"", ""severity"": ""Moderate"", ""source"": ""DDInter""}]",,
A045,"omeprazole + clopidogrel — reduced antiplatelet response: PRR 6.90, co-reports n/a","[{""citation"": ""[TWOSIDES:TS-00000041]"", ""drugs"": [""clopidogrel"", ""omeprazole""], ""event"": ""reduced antiplatelet response"", ""kind"": ""signal"", ""prr"": 6.9, ""source"": ""TWOSIDES""}]",,
A046,lisinopril + metformin: hypoglycemia risk (PRR 2.4),"[{""citation"": ""[TWOSIDES:TS-00000046]"", ""drugs"": [""lisinopril"", ""metformin""], ""event"": ""hypoglycemia risk"", ""kind"": ""signal"", ""prr"": 2.4, ""source"": ""TWOSIDES""}]",,
A047,"aspirin + sertraline — curated severity: Moderate (DDInter); additive GI bleeding; source mechanism: ""SSRI-induced platelet dysfunction plus aspirin raises bleeding risk""","[{""citation"": ""[DDInter:DDI-00000020]"", ""drugs"": [""aspirin"", ""sertraline""], ""event"": ""additive GI bleeding"", ""kind"": ""interaction"", ""mechanism"": ""SSRI-induced platelet dysfunction plus aspirin raises bleeding risk"", ""severity"": ""Moderate"", ""source"": ""DDInter""}]",,
A048,Levothyroxine + omeprazole: reduced levothyroxine absorption .,"[{""citation"": ""[DDInter:DDI-00000035]"", ""drugs"": [""levothyroxine"", ""omeprazole""], ""event"": ""reduced levothyroxine absorption"", ""kind"": ""interaction"", ""mechanism"": ""Elevated gastric pH reduces levothyroxine dissolution"", ""severity"": ""Minor"", ""source"": ""DDInter""}]",,
A049,"lisinopril + metformin: hypoglycemia risk (PRR=2.40, co-reports=n/a)","[{""citation"": ""[TWOSIDES:TS-00000046]"", ""drugs"": [""lisinopril"", ""metformin""], ""event"": ""hypoglycemia risk"", ""kind"": ""signal"", ""prr"": 2.4, ""source"": ""TWOSIDES""}]",,
